num_individuals,fixed_mise,jump_mise,fixed_execution_seconds,jump_execution_seconds
100,30.982800964189654,2.5175699284363784,0.11528741700021783,0.03005004199803807
200,22.48096680805544,1.1320752561485428,0.13964100000157487,0.02837720800016541
300,19.522184590777673,0.26988913663131997,0.12166483300097752,0.033686375005345326
400,13.63405791653534,0.7603938480623036,0.1373937919997843,0.03675337499589659
500,14.896264773942422,1.1958818832424658,0.1300134999983129,0.03872095800034003
600,15.069018655624713,0.676754024933054,0.14381566700467374,0.045400083996355534
700,12.458372605688883,0.5524715622220105,0.1395282919984311,0.046837000001687557
800,12.30774992943025,0.38155517793182925,0.15358687499974621,0.045816708996426314
900,9.668564801819295,0.39620911826125005,0.1601797080002143,0.05376437499944586
1000,11.276873753930422,0.31285846670092404,0.17004574999737088,0.055005041998811066
1100,9.194988580368037,0.3609686657831466,0.16986137499770848,0.04519920800521504
1200,8.973587944890616,0.26984894113526187,0.199846792005701,0.06826512499537785
1300,13.987806250819785,0.311777410205579,0.1804772920004325,0.05535120800050208
1400,7.136670798624898,0.28855658745666535,0.2186926249996759,0.05845195900474209
1500,16.77005266530908,0.2088372837328818,0.1601568749974831,0.06260258299880661
1600,7.630777826276075,0.33857779290606455,0.24797533299715724,0.07803058300487464
1700,12.364361356161908,0.18210216219022732,0.20186883299902547,0.06861529200250516
1800,8.626722869445947,0.11604818863656398,0.18369045900180936,0.07289954100269824
1900,6.632974716385276,0.15205298786377494,0.26537479200487724,0.06721687499521067
2000,9.74395422000448,0.17273665751410258,0.26735683300648816,0.08005962499737507
2100,8.393248455662793,0.2365629421185673,0.298515333000978,0.07361049999599345
2200,8.667387616230954,0.16844711638592624,0.3480252500012284,0.08001958299428225
2300,11.286017257601209,0.20982488614141034,0.22454479199950583,0.08802216700132703
2400,11.94058216328092,0.27098816448620483,0.20404449999477947,0.09662362500239396
2500,7.61853530020901,0.31478064531572136,0.23936120799771743,0.08788116699724924
2600,4.659718469162572,0.20534929352678977,0.2910794999988866,0.09023375000106171
2700,4.954518448713718,0.2096700112095379,0.238985625001078,0.09414174999983516
2800,6.977794349189417,0.3714795099121442,0.24867004199768417,0.0938289999976405
2900,7.092397365341584,0.207063906700559,0.30423108299874,0.1113884579972364
3000,8.100365136184069,0.14281369675479041,0.2868809589999728,0.09981687500112457
3100,6.7906603973674935,0.17240141441902965,0.2667097079975065,0.09166691699647345
3200,6.507956632488003,0.11036422119935187,0.3370519999953103,0.10232558299321681
3300,3.9043065650316024,0.13028796816122462,0.3224947500057169,0.10560320800141199
3400,6.255599403251096,0.13973961727122883,0.30253724999784026,0.11134616700292099
3500,7.440985690917837,0.20086598592633922,0.3467856670031324,0.11558000000513857
3600,8.708986287472033,0.1759571348579267,0.34125937500357395,0.10319116699974984
3700,4.650526846654837,0.1317032229607921,0.38253420800174354,0.12136224999994738
3800,8.105495183983404,0.12252496638543033,0.31133266699907836,0.1128514579977491
3900,5.16521738460142,0.19202398725574152,0.36237987500499,0.12001766599860275
4000,4.472112299411961,0.1427170558406935,0.3224189170068712,0.12245687500399072
4100,3.438396527954412,0.10506554231054388,0.3819527500018012,0.12760504199832212
4200,6.941705889589207,0.16080399430949707,0.3544570419981028,0.13118704099906608
4300,9.707038526682584,0.19362894743037443,0.315541582996957,0.12804745800531236
4400,4.765225580132291,0.18806814410291958,0.4356981250020908,0.12833337499614572
4500,4.629266101219392,0.0961283394973493,0.4229532089957502,0.137975291996554
4600,10.16217963290136,0.1131278391514351,0.327517292003904,0.14394420800090302
4700,5.8887233744153376,0.10367413381183332,0.4578669580005226,0.1422524160007015
4800,3.1610285268142397,0.18246469562161072,0.452367541998683,0.12887133299955167
4900,5.906677325439394,0.15085753003454644,0.4209659999978612,0.1500265409995336
5000,6.928546847329778,0.10496806099530544,0.3661428330015042,0.13223275000200374
5100,3.674857405516162,0.21257494922710957,0.4662831250025192,0.14043533299991395
5200,5.165605439083968,0.12550259900322377,0.4517942500024219,0.14899933299602708
5300,5.0765880289307255,0.07802935001062655,0.38982387500436744,0.16195120900374604
5400,5.121533809838856,0.13708364209956683,0.44537991599645466,0.15716187500220258
5500,3.8569598970821715,0.1551324271338827,0.5064790410033311,0.1467431659984868
5600,3.1708339785361,0.15363503329824607,0.5290421669997158,0.16150316599669168
5700,4.331881079918203,0.1287563832234101,0.5164787920002709,0.15349158399476437
5800,6.813073176985672,0.10712722994236548,0.48353470800066134,0.15792437499476364
5900,7.432129482217827,0.17104579660994884,0.5709680420040968,0.16385658299986972
6000,4.522701356376056,0.13576376081004213,0.5044867500037071,0.17451775000517955
6100,2.2474973244411744,0.10136304560579121,0.5886252080017584,0.16387366699927952
6200,3.890577315556961,0.1417365352217704,0.5965186660032487,0.17123687499406515
6300,4.036879845949924,0.14823650912926298,0.4545023329992546,0.16911366699787322
6400,2.1681479220317827,0.10640910467642169,0.4218443749996368,0.17866437500197208
6500,6.002072946129274,0.127763134599345,0.45344841699989047,0.1707197920040926
6600,2.0593416323370324,0.16225229399291008,0.47071412499644794,0.175261500000488
6700,1.924141217551136,0.1334003584344207,0.5837395830021705,0.19793345800280804
6800,3.6191456122402417,0.07947642436761994,0.6229998330018134,0.18730695800331887
6900,5.14396911573144,0.10234272087070312,0.7421828340011416,0.17620937500032596
7000,3.3698945079239007,0.11788791613049258,0.6345834590028971,0.17921637499966891
7100,5.628377559255205,0.11109073937277293,0.6821890830033226,0.26702649999788264
7200,7.0717537541305475,0.12019783810780454,0.687801958003547,0.180322125001112
7300,5.277833579304884,0.08224916445750607,0.7208463339993614,0.19992737499705981
7400,5.506738520284591,0.11200963168139942,0.7292825839977013,0.19250024999928428
7500,4.189678721114316,0.08519815986392176,0.7530059580021771,0.19955287499760743
7600,4.290910411015359,0.11543640875304356,0.7505448750016512,0.19873016700148582
7700,3.1956384745440807,0.11362681531992458,0.5626810409958125,0.18919916699815076
7800,2.944284935902785,0.10561215442335337,0.6937888340034988,0.19896141599747352
7900,4.982829316889002,0.12413096274937466,0.764044333001948,0.2022568329994101
8000,2.5721011728053815,0.08406598943259669,0.6905054160015425,0.20604300000559306
8100,6.378644190164596,0.09747760450624891,0.7770680829999037,0.21412645899545169
8200,6.3858665909598695,0.082635283507041,0.8713748330046656,0.2109831660054624
8300,5.442587451708337,0.12202033336664858,0.7631439999968279,0.21323400000255788
8400,2.7400446792362994,0.16036773795728101,0.6453511669969885,0.20197237499814946
8500,4.204352791346398,0.10971498203032,0.7784800410008756,0.20298716699471697
8600,3.2299236088436154,0.08696087141466394,0.8037712919976912,0.25496558300073957
8700,2.8925886839593087,0.1041082641073922,0.6182105420011794,0.21314841700223042
8800,5.642075259163574,0.10570124017723263,0.7287100410030689,0.21378099999856204
8900,2.4673902085800465,0.1579695219015644,0.8635099159946549,0.23918770800082712
9000,6.468110563768839,0.08142635771045338,0.8584675829988555,0.21009549999871524
9100,4.004595028422055,0.0711167057467361,0.8206216670005233,0.22807462499622488
9200,5.126276080617509,0.057547527162138214,0.8192691250005737,0.21004199999879347
9300,4.18691587737762,0.08153262583400381,0.932503625001118,0.24022362499817973
9400,1.714952974140842,0.13200586727015945,0.6045446669959347,0.2328300000008312
9500,4.4486423896360545,0.08859052934578336,0.906443958003365,0.23088216700125486
9600,3.049885785550979,0.11437223390110668,0.9341375000003609,0.2451948750021984
9700,5.485434715745281,0.1178986107403395,0.8622015830042074,0.2427724999943166
9800,7.893274271075277,0.12621117684174524,0.9571944170020288,0.24063891600235365
9900,6.646220706606554,0.08342380784956245,0.8896877080042032,0.24461416700069094
10000,4.031689781481876,0.10650621129839792,0.9378195829995093,0.24476658400089946
10100,3.6259081411318137,0.0996108384305996,1.0267763750016456,0.2583740830013994
10200,3.107191251654883,0.11782675587506539,0.9514372500052559,0.24019058399426285
10300,2.609601011531775,0.10461637745392548,0.9523671249990002,0.2452013750007609
10400,3.1630798107036835,0.10685610549432147,1.2487548749995767,0.2799724590004189
10500,2.609855656697164,0.10388158869215278,1.0236905420024414,0.24777787499624537
10600,3.93661804384367,0.09534298083006856,1.028421167000488,0.26265075000264915
10700,2.453594918005136,0.08739611073256624,0.9068282910011476,0.2359136250015581
10800,1.9705579788501486,0.09501958497243931,0.9866106670015142,0.2628930419959943
10900,3.1195650604432466,0.09630870024784831,1.0245567500023753,0.24545045899867546
11000,3.302536287004634,0.1029438284101262,1.0712691250009811,0.277447000000393
11100,2.654168317800212,0.06437201277967666,1.1146946660010144,0.25952583299658727
11200,3.0287523679473107,0.06841044470946503,1.06553087499924,0.2686360420048004
11300,4.157537759833423,0.07528689823763246,1.1355839169991668,0.27681483299966203
11400,4.637966183270227,0.07458249578358386,1.2102293749994715,0.27715395899576833
11500,2.4058122679253393,0.0867946597097523,1.1040655420001713,0.27559574999759207
11600,2.715825773786746,0.10395722318216984,1.1296224170000642,0.25986974999977974
11700,3.1621205882488637,0.08595335623853925,1.2078522079973482,0.27366979199723573
11800,2.9374381741545976,0.11069145776327356,1.0826878750012838,0.2658984169975156
11900,2.6807010508792217,0.08289665738047958,1.2108929579990217,0.28548787500039907
12000,2.9425206805774193,0.10458036327151794,1.2704332090070238,0.289274334005313
12100,2.9399450736344206,0.09520896544850914,1.3324120420002146,0.3235347500012722
12200,3.9017799762797654,0.08015435359044035,1.2488731250050478,0.2808520420003333
12300,2.815894648769039,0.0716481642283037,1.1802002499971422,0.30386100000032457
12400,2.791022628194788,0.1117391125362763,1.4207911670018802,0.34602141700452194
12500,3.790276464071153,0.0659544019187319,1.2719000420038356,0.29559066699584946
12600,4.577656806881234,0.12378334018048966,1.2971870000037597,0.3114495830013766
12700,3.362484901011644,0.07503554362033459,1.3382469170028344,0.31363737500214484
12800,4.112595629273944,0.07037461269557815,1.2710026670029038,0.30924312499701045
12900,4.402427019175293,0.09559066954825206,1.3385392080017482,0.3192883340016124
13000,3.500043917794269,0.10225859980917147,1.3529561659961473,0.2963016250068904
13100,4.214562311178178,0.06994578813124053,1.2779507500017644,0.3191733329949784
13200,3.1715916784641998,0.0908597536965827,1.3631415420022677,0.30888695899921004
13300,3.5444415181997493,0.0756199502144212,1.2756465000056778,0.32452095800545067
13400,3.3335457964564865,0.06761043559919018,1.3634962500000256,0.3136596250042203
13500,3.9150327092548904,0.13114191268679207,1.4120545420009876,0.3254343750013504
13600,3.9677436714039787,0.07805708594728752,1.386501250002766,0.3133342500004801
13700,1.495823930617471,0.0710694512364775,1.3901288749984815,0.317409499999485
13800,3.3203600258510866,0.06444217609592987,1.4139614580053603,0.31844695800100453
13900,3.9898598351296655,0.08096789906049795,1.4040860830064048,0.32567804100108333
14000,3.1411182500385584,0.07136954181217875,1.3954173750025802,0.32002729200030444
14100,2.7797559144035815,0.08361183565288274,1.4425464579981053,0.3061781249998603
14200,2.8247213194296616,0.07051267168298268,1.4931997090025106,0.31204795799567364
14300,3.0868669918169127,0.05687469973031959,1.3620654580008704,0.34547787500196137
14400,5.414422857122882,0.07985726000077442,1.6081933329987805,0.37355804099934176
14500,4.252709592744091,0.07619216869340524,1.6076377920035156,0.34576591700169956
14600,1.9691304747428284,0.0619986092652887,1.4559297079977114,0.34009974999935366
14700,3.6907115547252594,0.10016312071976365,1.5475286670043715,0.3338542920027976
14800,2.591320133039976,0.0669316177567401,1.4446454170029028,0.3273439169934136
14900,2.1637911805788486,0.06427293608915707,1.6436395830023685,0.35896129199682036
15000,2.496042240901783,0.06464693593414385,1.6251054169988493,0.33038979199773166
15100,0.9243737774423041,0.07973262647254652,1.3288726250029868,0.3465731250034878
15200,3.22260844520588,0.08215712310647649,1.4444070829995326,0.3348186250004801
15300,1.6076191109166984,0.07220523024829613,1.486009540996747,0.37728462499944726
15400,3.3269452870481815,0.07334868124237318,1.7908377080020728,0.35090466599649517
15500,3.0628860379650487,0.06812914633589266,1.650909458003298,0.3466783750045579
15600,3.8586553693265344,0.08201467796786358,1.2113554999959888,0.3499747079986264
15700,1.4032504288584227,0.0760929346170493,1.5301251249984489,0.3476113750002696
15800,3.865098754460938,0.08694510843714147,1.6161961250036256,0.3467137920015375
15900,3.4780874415317213,0.10016004463091056,1.6753530420028255,0.3494287919966155
16000,7.364720631979718,0.07710488629791458,1.832316083004116,0.35426070900575723
16100,3.769858728915646,0.07699159198616445,1.7928202080001938,0.348651250002149
16200,1.2100621028593561,0.07905585465740472,1.4928231669982779,0.36154375000478467
16300,2.8706972332772196,0.06402109153025776,1.6390051660055178,0.369255792000331
16400,2.702118996885715,0.0605959924511817,1.9328054169964162,0.3759106659999816
16500,3.5215798005679857,0.09311008813782093,1.7424558749989956,0.3612886670016451
16600,3.0606917608401916,0.06169013336355168,1.9084750410038396,0.37261479199514724
16700,4.007670430697985,0.08421569632765738,1.782377749994339,0.36964741699921433
16800,2.796542337320335,0.06997447964583613,2.0214472919979016,0.37874070800171467
16900,4.569849938387733,0.07381196043513895,1.8689786250033649,0.3772877079973114
17000,3.1799646014580416,0.06097160748632189,1.7999102079993463,0.3745752500035451
17100,4.147500083646067,0.058733147714235816,1.8141867919985089,0.38890508400072576
17200,4.584000260791157,0.09146379812696562,2.1471392090024892,0.3779081250031595
17300,1.0735793494671417,0.07855831436035823,1.396371499999077,0.41283220799959963
17400,2.2332450553720706,0.10124267501724171,2.070052584000223,0.3941228330004378
17500,2.689872012777313,0.08273436262142685,2.16079179100052,0.3846265409956686
17600,2.9270592585868203,0.08130675264263869,1.9129259170003934,0.4091403749989695
17700,5.552019282328827,0.08226299028167518,1.7327809999987949,0.38641854200250236
17800,2.6099025496907697,0.05080928905531885,1.8136956249945797,0.39468945800035726
17900,2.6844180262947304,0.08105239057736745,2.015865458000917,0.3985587499992107
18000,3.652592687559088,0.06547385083599477,2.047100332994887,0.397695334002492
18100,2.5828581493612344,0.07082511971745767,2.0359055000008084,0.389821042001131
18200,1.565617972486345,0.08844425268657434,1.5596068750019185,0.3884053329966264
18300,1.5620317166600393,0.08706132195994849,1.4467850829969393,0.3929214160016272
18400,3.2326698349931804,0.046496198063920344,1.9967039580005803,0.4117952089945902
18500,3.8624021748047994,0.07352358143495416,2.1809580830013147,0.42221049999352545
18600,2.686884731994101,0.06746384997687359,2.046875041000021,0.40407745799893746
18700,1.6250444797694432,0.07071788133947067,2.1798850419945666,0.39443429200036917
18800,2.9768316077740007,0.05764925839746943,2.2140997079986846,0.39218658299796516
18900,1.6547129813165025,0.06549602264214754,2.0831163750044652,0.41693529099575244
19000,1.1326812584826467,0.08860993325304191,2.190960791995167,0.40580516699992586
19100,2.488164289234579,0.05357460866730343,2.1087262500004726,0.4341124159982428
19200,4.7381081917762105,0.06003860380033304,2.2203210840016254,0.4072884580018581
19300,5.079528105146858,0.059641741452763575,2.336259958006849,0.42218387500179233
19400,3.5212373764445095,0.077489787821873,2.0645504579952103,0.4374735419987701
19500,1.8043632821454194,0.07761431328333446,1.9863753750032629,0.4508182910067262
19600,4.706665776078934,0.0748206355533798,2.2871383329984383,0.4349727909939247
19700,4.137287454138574,0.07036609084945589,2.4442227499966975,0.43768858399562305
19800,5.6927699403347365,0.059519798019870826,2.2153122090021498,0.44832387500355253
19900,2.2175837655263386,0.06206565201973805,2.21533625000302,0.4472702909988584
20000,3.173602142339974,0.05653735530046057,2.212819832995592,0.4342949999991106
